Contest Name,Body,Candidate Name,Party,Total Votes,Year,total_ballots_cast,win_pct,margin_vs_2nd
"ORANGE COUNTY WATER DISTRICT Director, Division 7, Short Term",Division 7,*ERIK WEIGAND,Nonpartisan,47175,2024,107090,44.05,8704
ROSSMOOR COMMUNITY SERVICES DISTRICT Director,N/A,NATHAN SEARLES,Nonpartisan,3741,2024,7058,53,682
"SANTA MARGARITA WATER DISTRICT Director, Division 3",Division 3,BETTY H. OLSON,Nonpartisan,12791,2024,21941,58.3,7439
"SERRANO WATER DISTRICT Director, Division 2",Division 2,"ROBERT ""ROBBIE"" PITTS",Nonpartisan,594,2024,1293,45.94,88
SUNSET BEACH SANITARY DISTRICT Director,N/A,*JOHN H. WOODS,Nonpartisan,423,2024,820,51.59,87
TRABUCO CANYON WATER DISTRICT Director,N/A,MARK S. ANDERSON,Nonpartisan,3424,2024,7616,44.96,1075
"ANAHEIM ELEMENTARY SCHOOL DISTRICT Governing Board Member, Trustee Area 3",ANAHEIM ELEMENTARY SCHOOL DISTRICT,JULIE DIEP,Nonpartisan,6526,2024,12703,51.37,2361
"BUENA PARK SCHOOL DISTRICT Governing Board Member, Trustee Area 3",BUENA PARK SCHOOL DISTRICT,MICHAEL JENSEN,Nonpartisan,1907,2024,4120,46.29,456
"CENTRALIA SCHOOL DISTRICT Governing Board Member, Trustee Area 3",CENTRALIA SCHOOL DISTRICT,ANGELA HERNANDEZ,Nonpartisan,2076,2024,4475,46.39,613
"CYPRESS SCHOOL DISTRICT Governing Board Member, Trustee Area A",CYPRESS SCHOOL DISTRICT,*CARRIE HAYASHIDA,Nonpartisan,2192,2024,4295,51.04,843
"CYPRESS SCHOOL DISTRICT Governing Board Member, Trustee Area E",CYPRESS SCHOOL DISTRICT,JAIME NEEDHAM,Nonpartisan,2109,2024,4961,42.51,98
FOUNTAIN VALLEY SCHOOL DISTRICT Governing Board Member,FOUNTAIN VALLEY SCHOOL DISTRICT,*STEVEN SCHULTZ,Nonpartisan,16604,2024,31298,53.05,6313
"FULLERTON SCHOOL DISTRICT Governing Board Member, Trustee Area 2",FULLERTON SCHOOL DISTRICT,JAMES CHO,Nonpartisan,6203,2024,11089,55.94,2387
"FULLERTON SCHOOL DISTRICT Governing Board Member, Trustee Area 5",FULLERTON SCHOOL DISTRICT,VANESA ESTRELLA,Nonpartisan,3852,2024,8584,44.87,170
"TUSTIN UNIFIED SCHOOL DISTRICT Governing Board Member, Trustee Area 1",TUSTIN UNIFIED SCHOOL DISTRICT,*ALLYSON MUÑIZ DAMIKOLAS,Nonpartisan,7418,2024,11775,63,4421
"TUSTIN UNIFIED SCHOOL DISTRICT Governing Board Member, Trustee Area 2",TUSTIN UNIFIED SCHOOL DISTRICT,KATHY COPELAND,Nonpartisan,7753,2024,16642,46.59,1154
"TUSTIN UNIFIED SCHOOL DISTRICT Governing Board Member, Trustee Area 4",TUSTIN UNIFIED SCHOOL DISTRICT,*JONATHAN STONE,Nonpartisan,4040,2024,7169,56.35,1905
"ANAHEIM UNION HIGH SCHOOL DISTRICT Governing Board Member, Trustee Area 3",ANAHEIM UNION HIGH SCHOOL DISTRICT,*KATHERINE H. SMITH,Nonpartisan,10957,2024,24543,44.64,1208
"ANAHEIM UNION HIGH SCHOOL DISTRICT Governing Board Member, Trustee Area 4",ANAHEIM UNION HIGH SCHOOL DISTRICT,*BRIAN O'NEAL,Nonpartisan,16395,2024,29882,54.87,9185
"ANAHEIM UNION HIGH SCHOOL DISTRICT Governing Board Member, Trustee Area 5, Short Term",ANAHEIM UNION HIGH SCHOOL DISTRICT,*RON HOSHI,Nonpartisan,16525,2024,33052,50,6578
"HUNTINGTON BEACH UNION HIGH SCHOOL DISTRICT Governing Board Member, Trustee Area 3",HUNTINGTON BEACH UNION HIGH SCHOOL DISTRICT,SUSAN HENRY,Nonpartisan,17889,2024,37826,47.29,8458
"ANAHEIM ELEMENTARY SCHOOL DISTRICT Governing Board Member, Trustee Area 1",ANAHEIM ELEMENTARY SCHOOL DISTRICT,*JACKIE FILBECK,Nonpartisan,8013,2024,12542,63.89,5225
"ORANGE UNIFIED SCHOOL DISTRICT Governing Board Member, Trustee Area 4, Short Term",ORANGE UNIFIED SCHOOL DISTRICT,*SARA J. PELLY,Nonpartisan,63116,2024,103702,60.86,47150
"ORANGE UNIFIED SCHOOL DISTRICT Governing Board Member, Trustee Area 7, Short Term",ORANGE UNIFIED SCHOOL DISTRICT,*STEPHEN GLASS,Nonpartisan,64760,2024,103702,62.45,49350
"SADDLEBACK VALLEY UNIFIED SCHOOL DISTRICT Governing Board Member, Trustee Area 2",SADDLEBACK VALLEY UNIFIED SCHOOL DISTRICT,MICHELE SPARKS,Nonpartisan,10260,2024,23906,42.92,978
"SADDLEBACK VALLEY UNIFIED SCHOOL DISTRICT Governing Board Member, Trustee Area 3",SADDLEBACK VALLEY UNIFIED SCHOOL DISTRICT,*SUZIE SWARTZ,Nonpartisan,11357,2024,23445,48.44,2956
"SADDLEBACK VALLEY UNIFIED SCHOOL DISTRICT Governing Board Member, Trustee Area 4",SADDLEBACK VALLEY UNIFIED SCHOOL DISTRICT,*AMANDA MORRELL,Nonpartisan,10208,2024,22170,46.04,1990
"SANTA ANA UNIFIED SCHOOL DISTRICT Governing Board Member, Trustee Area 1",SANTA ANA UNIFIED SCHOOL DISTRICT,BRENDA LEBSACK,Nonpartisan,6332,2024,14262,44.4,201
"SANTA ANA UNIFIED SCHOOL DISTRICT Governing Board Member, Trustee Area 2",SANTA ANA UNIFIED SCHOOL DISTRICT,VALERIE MAGDALENO,Nonpartisan,6718,2024,9574,70.17,4703
"SANTA ANA UNIFIED SCHOOL DISTRICT Governing Board Member, Trustee Area 3",SANTA ANA UNIFIED SCHOOL DISTRICT,ALFONSO ALVAREZ,Nonpartisan,4795,2024,8824,54.34,2714
"CAPISTRANO UNIFIED SCHOOL DISTRICT Governing Board Member, Trustee Area 3",CAPISTRANO UNIFIED SCHOOL DISTRICT,*LISA DAVIS,Nonpartisan,16658,2024,31984,52.08,5189
"CAPISTRANO UNIFIED SCHOOL DISTRICT Governing Board Member, Trustee Area 5",CAPISTRANO UNIFIED SCHOOL DISTRICT,*KRISTA CASTELLANOS,Nonpartisan,12267,2024,25538,48.03,3234
"GARDEN GROVE UNIFIED SCHOOL DISTRICT Governing Board Member, Trustee Area 1",GARDEN GROVE UNIFIED SCHOOL DISTRICT,*TERI ROCCO,Nonpartisan,11518,2024,25162,45.78,1350
"GARDEN GROVE UNIFIED SCHOOL DISTRICT Governing Board Member, Trustee Area 5",GARDEN GROVE UNIFIED SCHOOL DISTRICT,*DINA NGUYEN,Nonpartisan,15045,2024,20741,72.54,12957
LAGUNA BEACH UNIFIED SCHOOL DISTRICT Governing Board Member,LAGUNA BEACH UNIFIED SCHOOL DISTRICT,SHERI MORGAN,Nonpartisan,5746,2024,18430,31.18,89
"LOS ALAMITOS UNIFIED SCHOOL DISTRICT Governing Board Member, Trustee Area 4",LOS ALAMITOS UNIFIED SCHOOL DISTRICT,FARNAZ PARDASANI,Nonpartisan,3201,2024,6420,49.86,928
"LOS ALAMITOS UNIFIED SCHOOL DISTRICT Governing Board Member, Trustee Area 5",LOS ALAMITOS UNIFIED SCHOOL DISTRICT,MATT BRAGMAN,Nonpartisan,3717,2024,6843,54.32,1553
"ORANGE UNIFIED SCHOOL DISTRICT Governing Board Member, Trustee Area 3",ORANGE UNIFIED SCHOOL DISTRICT,*ANA PAGE,Nonpartisan,61736,2024,103702,59.53,39763
"CITY OF FULLERTON Member, City Council, District 1",District 1,*FRED JUNG,Nonpartisan,7432,2024,11766,63.17,4550
"CITY OF FULLERTON Member, City Council, District 2",District 2,*NICK DUNLAP,Nonpartisan,9546,2024,16717,57.1,4094
"CITY OF FULLERTON Member, City Council, District 4",District 4,JAMIE VALENCIA,Nonpartisan,3489,2024,10683,32.66,53
CITY OF GARDEN GROVE Mayor,N/A,STEPHANIE KLOPFENSTEIN,Nonpartisan,15709,2024,63616,24.69,1337
"CITY OF GARDEN GROVE Member, City Council, District 2",District 2,PHILLIP NGUYEN,Nonpartisan,5701,2024,11520,49.49,1267
"CITY OF GARDEN GROVE Member, City Council, District 5",District 5,YESENIA MUNETON,Nonpartisan,4663,2024,10277,45.37,1459
"CITY OF GARDEN GROVE Member, City Council, District 6",District 6,ARIANA ARESTEGUI,Nonpartisan,3359,2024,7342,45.75,229
"CITY OF HUNTINGTON BEACH Member, City Council",N/A,CHAD WILLIAMS,Nonpartisan,52335,2024,110659,47.29,8411
"CITY OF COSTA MESA Member, City Council, District 1",District 1,MIKE BULEY,Nonpartisan,4849,2024,10342,46.89,743
"CITY OF COSTA MESA Member, City Council, District 2",District 2,*LOREN GAMEROS,Nonpartisan,5463,2024,8236,66.33,5463
"CITY OF COSTA MESA Member, City Council, District 6",District 6,JEFF PETTIS,Nonpartisan,4377,2024,10268,42.63,82
"CITY OF CYPRESS Member, City Council, District 3",District 3,KYLE CHANG,Nonpartisan,1957,2024,4951,39.53,29
"CITY OF CYPRESS Member, City Council, District 4",District 4,LEO MEDRANO,Nonpartisan,2036,2024,5668,35.92,360
"CITY OF DANA POINT Member, City Council, District 4",District 4,*MIKE FROST,Nonpartisan,2451,2024,3502,69.99,2451
"CITY OF DANA POINT Member, City Council, District 5",District 5,*MICHAEL VILLAR,Nonpartisan,2319,2024,3964,58.5,2319
"CITY OF FOUNTAIN VALLEY Member, City Council",N/A,*TED BUI,Nonpartisan,14276,2024,29981,47.62,1139
"CITY OF ANAHEIM Member, City Council, District 4",District 4,*NORMA CAMPOS KURTZ,Nonpartisan,9255,2024,14797,62.55,5559
"CITY OF ANAHEIM Member, City Council, District 5",District 5,KRISTEN M. MAAHS,Nonpartisan,7070,2024,18380,38.47,1826
"CITY OF BREA Member, City Council",N/A,*CHRISTINE MARICK,Nonpartisan,10873,2024,23883,45.53,2610
CITY OF BREA City Treasurer,N/A,*DENISE EBY,Nonpartisan,15283,2024,23883,63.99,11407
"CITY OF BUENA PARK Member, City Council, District 2, Short Term",District 2,CARLOS FRANCO,Nonpartisan,2266,2024,4198,53.98,691
"CITY OF BUENA PARK Member, City Council, District 3",District 3,*SUSAN SONNE,Nonpartisan,4030,2024,7139,56.45,1684
"CITY OF BUENA PARK Member, City Council, District 4",District 4,LAMIYA HOQUE,Nonpartisan,4459,2024,7178,62.12,2720
CITY OF COSTA MESA Mayor,N/A,*JOHN STEPHENS,Nonpartisan,23236,2024,49515,46.93,2716
"HUNTINGTON BEACH CITY SCHOOL DISTRICT Governing Board Member, Trustee Area 1",HUNTINGTON BEACH CITY SCHOOL DISTRICT,BRIAN BURLEY,Nonpartisan,4403,2024,10538,41.78,101
"LA HABRA CITY SCHOOL DISTRICT Governing Board Member, Full Term",LA HABRA CITY SCHOOL DISTRICT,JUSTIN RODGERS,Nonpartisan,9233,2024,20167,45.78,2010
"LA HABRA CITY SCHOOL DISTRICT Governing Board Member, Short Term",LA HABRA CITY SCHOOL DISTRICT,MINERVA S. GÓMEZ,Nonpartisan,8445,2024,20167,41.88,888
OCEAN VIEW SCHOOL DISTRICT Governing Board Member,OCEAN VIEW SCHOOL DISTRICT,*GINA CLAYTON-TARVIN,Nonpartisan,19875,2024,49354,40.27,3569
County Supervisor 1st District,1st District,JANET NGUYEN,Nonpartisan,160036,2024,297469,53.8,58740
"CITY OF ALISO VIEJO Member, City Council, District 1",District 1,TIM ZANDBERGEN,Nonpartisan,2561,2024,5908,43.35,143
"CITY OF ALISO VIEJO Member, City Council, District 5",District 5,MIKE MUNZING,Nonpartisan,2610,2024,5375,48.56,479
"CITY OF ANAHEIM Member, City Council, District 1",District 1,RYAN BALIUS,Nonpartisan,11092,2024,16875,65.73,7568
CITY OF ORANGE Mayor,N/A,*DAN SLATER,Nonpartisan,46369,2024,62170,74.58,46369
"CITY OF ORANGE Member, City Council, District 2",District 2,*JON DUMITRU,Nonpartisan,5389,2024,7555,71.33,5389
"CITY OF ORANGE Member, City Council, District 3",District 3,*KATHY TAVOULARIS,Nonpartisan,7646,2024,10641,71.85,7646
"CITY OF ORANGE Member, City Council, District 5",District 5,*ANA GUTIERREZ,Nonpartisan,6374,2024,8503,74.96,6374
CITY OF ORANGE City Clerk,N/A,*PAMELA COLEMAN,Nonpartisan,44147,2024,62170,71.01,44147
CITY OF ORANGE City Treasurer,N/A,GARRETT P. SMITH,Nonpartisan,29913,2024,62170,48.11,11319
"CITY OF PLACENTIA Member, City Council, District 1",District 1,THOMAS HUMMER,Nonpartisan,1469,2024,2673,54.96,577
"CITY OF PLACENTIA Member, City Council, District 3",District 3,*JEREMY YAMAGUCHI,Nonpartisan,3089,2024,5310,58.17,1553
"CITY OF LA PALMA Member, City Council, District 3",District 3,VIKESH P. PATEL,Nonpartisan,922,2024,1289,71.53,922
"CITY OF LA PALMA Member, City Council, District 5",District 5,MARK WALDMAN,Nonpartisan,1067,2024,1485,71.85,1067
"CITY OF LOS ALAMITOS Member, City Council, District 1",District 1,*TANYA DOBY,Nonpartisan,541,2024,1175,46.04,37
"CITY OF LOS ALAMITOS Member, City Council, District 2",District 2,GARY LOE,Nonpartisan,566,2024,1141,49.61,97
"CITY OF LOS ALAMITOS Member, City Council, District 3",District 3,*JORDAN NEFULDA,Nonpartisan,754,2024,1099,68.61,754
"CITY OF NEWPORT BEACH Member, City Council, District 2",District 2,MICHELLE BARTO,Nonpartisan,26760,2024,50938,52.53,10401
"CITY OF NEWPORT BEACH Member, City Council, District 5",District 5,*NOAH BLOM,Nonpartisan,27803,2024,50938,54.58,12288
"CITY OF NEWPORT BEACH Member, City Council, District 7",District 7,SARA J. WEBER,Nonpartisan,30845,2024,50938,60.55,19463
CITY OF LAGUNA BEACH City Clerk,N/A,*ANN MARIE MCKAY,Nonpartisan,10431,2024,15231,68.49,10431
CITY OF LAGUNA BEACH City Treasurer,N/A,*LAURA PARISI,Nonpartisan,10469,2024,15231,68.73,10469
"CITY OF LAGUNA HILLS Member, City Council",N/A,JARED MATHIS,Nonpartisan,7746,2024,16188,47.85,644
"CITY OF LAGUNA WOODS Member, City Council",N/A,*SHARI L. HORNE,Nonpartisan,7718,2024,13375,57.7,391
"CITY OF LA HABRA Member, City Council",N/A,*DAREN NIGSARIAN,Nonpartisan,11802,2024,24612,47.95,1838
"CITY OF LAKE FOREST Member, City Council, District 1",District 1,*DOUG CIRBO,Nonpartisan,7133,2024,10359,68.86,7133
"CITY OF LAKE FOREST Member, City Council, District 5",District 5,*ROBERT PEQUENO,Nonpartisan,5869,2024,7599,77.23,5869
"CITY OF LA PALMA Member, City Council, District 1",District 1,DEBBIE S. BAKER,Nonpartisan,1110,2024,1485,74.75,1110
CITY OF HUNTINGTON BEACH City Clerk,N/A,LISA LANE BARNES,Nonpartisan,52956,2024,110659,47.86,14296
CITY OF HUNTINGTON BEACH City Treasurer,N/A,*ALISA BACKSTROM,Nonpartisan,74634,2024,110659,67.45,74634
CITY OF IRVINE Mayor,N/A,LARRY AGRAN,Nonpartisan,42652,2024,123118,34.64,4728
"CITY OF IRVINE Member, City Council, District 1, Short Term - Two (2) Years",District 1,MELINDA LIU,Nonpartisan,5896,2024,21140,27.89,109
"CITY OF IRVINE Member, City Council, District 2",District 2,WILLIAM GO,Nonpartisan,5352,2024,20352,26.3,911
"CITY OF IRVINE Member, City Council, District 3",District 3,JAMES MAI,Nonpartisan,8968,2024,24029,37.32,3123
"CITY OF IRVINE Member, City Council, District 4",District 4,MIKE CARROLL,Nonpartisan,10255,2024,20751,49.42,2809
"CITY OF LAGUNA BEACH Member, City Council",N/A,*BOB WHALEN,Nonpartisan,7029,2024,15231,46.15,178
"IRVINE RANCH WATER DISTRICT Director, Division 4",Division 4,DANIEL R. FERONS,Nonpartisan,16317,2024,40241,40.55,1466
MIDWAY CITY SANITARY DISTRICT Director,N/A,*TYLER DIEP,Nonpartisan,19646,2024,40910,48.02,5041
MOULTON NIGUEL WATER DISTRICT Director,N/A,"*RICHARD S. ""DICK"" FIORE",Nonpartisan,40726,2024,93637,43.49,442
"MUNICIPAL WATER DISTRICT OF ORANGE COUNTY Director, Division 4",Division 4,*KARL W. SECKEL,Nonpartisan,83879,2024,179699,46.68,30099
"MUNICIPAL WATER DISTRICT OF ORANGE COUNTY Director, Division 6",Division 6,*JEFF THOMAS,Nonpartisan,79379,2024,160699,49.4,37147
"ORANGE COUNTY WATER DISTRICT Director, Division 2",Division 2,*DENIS BILODEAU,Nonpartisan,67823,2024,109127,62.15,50108
"ORANGE COUNTY WATER DISTRICT Director, Division 3",Division 3,*ROGER YOH,Nonpartisan,41563,2024,107918,38.51,15114
"ORANGE COUNTY WATER DISTRICT Director, Division 6",Division 6,*CATHY GREEN,Nonpartisan,73171,2024,126814,57.7,48008
"CITY OF TUSTIN Member, City Council, District 2",District 2,JOHN NIELSEN,Nonpartisan,2112,2024,4402,47.98,1098
"CITY OF TUSTIN Member, City Council, District 4",District 4,RYAN GALLAGHER,Nonpartisan,5314,2024,8886,59.8,2867
"CITY OF VILLA PARK Member, City Council",N/A,ROBERT FRACKELTON,Nonpartisan,2476,2024,3995,61.98,728
"CITY OF WESTMINSTER Member, City Council, District 2",District 2,*CARLOS MANZO,Nonpartisan,3717,2024,8000,46.46,1970
"CITY OF WESTMINSTER Member, City Council, District 3",District 3,MARK NGUYEN,Nonpartisan,4547,2024,9804,46.38,2315
"CITY OF YORBA LINDA Member, City Council",N/A,*TARA CAMPBELL,Nonpartisan,27244,2024,40586,67.13,9288
"COSTA MESA SANITARY DISTRICT Director, Division 2",Division 2,NICOLE WILTSHIRE,Nonpartisan,4898,2024,12893,37.99,1054
"EAST ORANGE COUNTY WATER DISTRICT Director, Division 1",Division 1,JOHN L. SEARS,Nonpartisan,3662,2024,9320,39.29,387
"CITY OF SANTA ANA Member, City Council, Ward 1",Ward 1,*THAI VIET PHAN,Nonpartisan,7151,2024,15301,46.74,680
"CITY OF SANTA ANA Member, City Council, Ward 3",Ward 3,*JESSIE LOPEZ,Nonpartisan,9109,2024,19438,46.86,424
"CITY OF SANTA ANA Member, City Council, Ward 5",Ward 5,*JOHNATHAN RYAN HERNANDEZ,Nonpartisan,5078,2024,9913,51.23,1075
"CITY OF SEAL BEACH Member, City Council, District 2",District 2,BEN WONG,Nonpartisan,2432,2024,3437,70.76,2432
"CITY OF SEAL BEACH Member, City Council, District 4",District 4,PATTY SENECAL,Nonpartisan,2402,2024,3340,71.92,2402
"CITY OF STANTON Member, City Council, District 2",District 2,VICTOR BARRIOS,Nonpartisan,1264,2024,2282,55.39,405
"CITY OF STANTON Member, City Council, District 4",District 4,JOHN DOUGLAS WARREN,Nonpartisan,1910,2024,3166,60.33,1100
"CITY OF TUSTIN Member, City Council, District 1",District 1,LEE FINK,Nonpartisan,4059,2024,8769,46.29,324
"CITY OF PLACENTIA Member, City Council, District 5",District 5,*WARD L. SMITH,Nonpartisan,2744,2024,5419,50.64,792
CITY OF PLACENTIA City Treasurer,N/A,*KEVIN A. LARSON,Nonpartisan,19455,2024,25756,75.54,19455
CITY OF RANCHO SANTA MARGARITA Mayor,N/A,TONY BEALL,Nonpartisan,16243,2024,26055,62.34,12168
"CITY OF RANCHO SANTA MARGARITA Member, City Council, District 3",District 3,KERI LYNN BAERT,Nonpartisan,3125,2024,6556,47.67,663
"CITY OF SAN CLEMENTE Member, City Council, District 3",District 3,RICK LOEFFLER,Nonpartisan,3694,2024,8880,41.6,868
"CITY OF SAN CLEMENTE Member, City Council, District 4",District 4,ZHEN WU,Nonpartisan,4866,2024,9740,49.96,1055
"CITY OF SAN JUAN CAPISTRANO Member, City Council, District 1",District 1,*SERGIO FARIAS,Nonpartisan,1551,2024,2240,69.24,1036
CITY OF SANTA ANA Mayor,N/A,*VALERIE AMEZCUA,Nonpartisan,44785,2024,82094,54.55,14837
"RANCHO SANTIAGO COMMUNITY COLLEGE DISTRICT Governing Board Member, Trustee Area 5",Trustee Area 5,*DAVID CROCKETT,Nonpartisan,10605,2024,23122,45.87,1750
"RANCHO SANTIAGO COMMUNITY COLLEGE DISTRICT Governing Board Member, Trustee Area 7",Trustee Area 7,*TINA ARIAS MILLER,Nonpartisan,19632,2024,33049,59.4,14240
"SOUTH ORANGE COUNTY COMMUNITY COLLEGE DISTRICT Governing Board Member, Trustee Area 1",Trustee Area 1,*CAROLYN INMON,Nonpartisan,31500,2024,59941,52.55,22385
"SOUTH ORANGE COUNTY COMMUNITY COLLEGE DISTRICT Governing Board Member, Trustee Area 3",Trustee Area 3,LISA A. BARTLETT,Nonpartisan,37354,2024,87721,42.58,2853
"SOUTH ORANGE COUNTY COMMUNITY COLLEGE DISTRICT Governing Board Member, Trustee Area 6",Trustee Area 6,*RYAN DACK,Nonpartisan,30125,2024,67376,44.71,9807
"SOUTH ORANGE COUNTY COMMUNITY COLLEGE DISTRICT Governing Board Member, Trustee Area 7",Trustee Area 7,"*TIMOTHY ""TIM"" JEMAL",Nonpartisan,36829,2024,80865,45.54,10953
"CAPISTRANO UNIFIED SCHOOL DISTRICT Governing Board Member, Trustee Area 1",CAPISTRANO UNIFIED SCHOOL DISTRICT,JENNIFER ADNAMS,Nonpartisan,13986,2024,30820,45.38,1982
"CAPISTRANO UNIFIED SCHOOL DISTRICT Governing Board Member, Trustee Area 2",CAPISTRANO UNIFIED SCHOOL DISTRICT,LISA ZOLLINGER,Nonpartisan,14523,2024,29875,48.61,3311
MEMBER OF THE STATE ASSEMBLY 72nd District,72nd District,*DIANE DIXON (REP),REP,157278,2024,281496,55.87,50027
MEMBER OF THE STATE ASSEMBLY 73rd District,73rd District,*COTTIE PETRIE-NORRIS (DEM),DEM,108445,2024,204905,52.92,26080
MEMBER OF THE STATE ASSEMBLY 74th District,74th District,*LAURIE DAVIES (REP),REP,62751,2024,115207,54.47,15385
"NORTH ORANGE COUNTY COMMUNITY COLLEGE DISTRICT Governing Board Member, Trustee Area 2",Trustee Area 2,*ED LOPEZ,Nonpartisan,22903,2024,40400,56.69,11943
"NORTH ORANGE COUNTY COMMUNITY COLLEGE DISTRICT Governing Board Member, Trustee Area 5",Trustee Area 5,MARK LOPEZ,Nonpartisan,23429,2024,40718,57.54,11877
"NORTH ORANGE COUNTY COMMUNITY COLLEGE DISTRICT Governing Board Member, Trustee Area 7",Trustee Area 7,*RYAN BENT,Nonpartisan,36029,2024,74208,48.55,12468
"COAST COMMUNITY COLLEGE DISTRICT Governing Board Member, Trustee Area 2",Trustee Area 2,PHU NGUYEN,Nonpartisan,23443,2024,49352,47.5,13700
"RANCHO SANTIAGO COMMUNITY COLLEGE DISTRICT Governing Board Member, Trustee Area 3",Trustee Area 3,"CECILIA ""CECI"" IGLESIAS",Nonpartisan,8464,2024,21567,39.25,4192
UNITED STATES REPRESENTATIVE 49th District,49th District,MATT GUNDERSON (REP),REP,74512,2024,139806,53.3,14584
STATE SENATOR 37th District,37th District,"STEVEN ""STEVE"" CHOI (REP)",REP,232345,2024,483729,48.03,6075
MEMBER OF THE STATE ASSEMBLY 59th District,59th District,*PHILLIP CHEN (REP),REP,117511,2024,205591,57.16,42231
MEMBER OF THE STATE ASSEMBLY 64th District,64th District,*BLANCA PACHECO (DEM),DEM,12476,2024,24612,50.69,1724
MEMBER OF THE STATE ASSEMBLY 67th District,67th District,*SHARON QUIRK-SILVA (DEM),DEM,75148,2024,141456,53.12,16742
MEMBER OF THE STATE ASSEMBLY 68th District,68th District,*AVELINO VALENCIA (DEM),DEM,84259,2024,140554,59.95,36284
MEMBER OF THE STATE ASSEMBLY 70th District,70th District,*TRI TA (REP),REP,96083,2024,187570,51.23,16496
MEMBER OF THE STATE ASSEMBLY 71st District,71st District,*KATE SANCHEZ (REP),REP,65542,2024,116006,56.5,22375
PRESIDENT AND VICE PRESIDENT,N/A,KAMALA D. HARRIS/TIM WALZ (DEM),DEM,691731,2024,1417397,48.8,36916
UNITED STATES SENATOR,N/A,STEVE GARVEY (REP),REP,688967,2024,1417397,48.61,14085
"UNITED STATES SENATOR, Partial/Unexpired Term",N/A,STEVE GARVEY (REP),REP,683720,2024,1417397,48.24,17134
UNITED STATES REPRESENTATIVE 38th District,38th District,*LINDA T. SÁNCHEZ (DEM),DEM,12612,2024,24612,51.24,1813
UNITED STATES REPRESENTATIVE 40th District,40th District,*YOUNG KIM (REP),REP,194398,2024,367649,52.88,35684
UNITED STATES REPRESENTATIVE 45th District,45th District,*MICHELLE STEEL (REP),REP,142771,2024,293794,48.6,3573
UNITED STATES REPRESENTATIVE 46th District,46th District,*LOU CORREA (DEM),DEM,134013,2024,221331,60.55,56734
UNITED STATES REPRESENTATIVE 47th District,47th District,DAVE MIN (DEM),DEM,181721,2024,370205,49.09,10167
"CITY OF ORANGE Member, City Council, District 4",District 4,DENIS BILODEAU,Nonpartisan,4199,2022,8757,47.95,1460
"CITY OF ORANGE Member, City Council, District 6",District 6,JOHN GYLLENHAMMER,Nonpartisan,4589,2022,11120,41.27,735
"CITY OF PLACENTIA Member, City Council, District 2",District 2,KEVIN KIRWIN,Nonpartisan,1975,2022,4279,46.16,385
"CITY OF PLACENTIA Member, City Council, District 4",District 4,CHAD WANKE,Nonpartisan,2970,2022,4364,68.06,2873
CITY OF PLACENTIA City Clerk,N/A,"ROBERT S. ""BOB"" MCKINNELL",Nonpartisan,12540,2022,17320,72.4,12540
"RANCHO SANTA MARGARITA Member, City Council",N/A,ANNE FIGUEROA,Nonpartisan,11274,2022,18843,59.83,227
"CITY OF SAN CLEMENTE Member, City Council",N/A,VICTOR CABRAL,Nonpartisan,10227,2022,29672,34.47,404
"CITY OF SAN JUAN CAPISTRANO Member, City Council, District 3",District 3,JOHN CAMPBELL,Nonpartisan,1526,2022,3377,45.19,535
"CITY OF SANTA ANA Member, City Council, Ward 2",Ward 2,BENJAMIN VAZQUEZ,Nonpartisan,2235,2022,4699,47.56,80
"CITY OF SANTA ANA Member, City Council, Ward 4",Ward 4,PHIL BACERRA,Nonpartisan,4406,2022,9450,46.62,541
"CITY OF SANTA ANA Member, City Council, Ward 6",Ward 6,DAVID PENALOZA,Nonpartisan,2863,2022,5612,51.02,499
"CITY OF SEAL BEACH Member, City Council, District 1",District 1,JOE KALMICK,Nonpartisan,1197,2022,2581,46.38,615
"CITY OF SEAL BEACH Member, City Council, District 3",District 3,STEPHANIE WADE,Nonpartisan,967,2022,2339,41.34,55
"CITY OF SEAL BEACH Member, City Council, District 5",District 5,NATHAN STEELE,Nonpartisan,1308,2022,3276,39.93,667
CITY OF STANTON Mayor,N/A,DAVID JOHN SHAWVER,Nonpartisan,5395,2022,6961,77.5,5395
"CITY OF STANTON Member, City Council, District 1",District 1,DONALD TORRES,Nonpartisan,861,2022,1758,48.98,154
"CITY OF STANTON Member, City Council, District 3",District 3,GARY TAYLOR,Nonpartisan,1567,2022,2082,75.26,1567
CITY OF TUSTIN Mayor,N/A,AUSTIN LUMBARD,Nonpartisan,10675,2022,21300,50.12,1783
"CITY OF TUSTIN Member, City Council, District 3",District 3,RAY SCHNELL,Nonpartisan,3297,2022,7108,46.38,379
CITY OF WESTMINSTER Mayor,N/A,CHI CHARLIE NGUYEN,Nonpartisan,7665,2022,25651,29.88,1685
"CITY OF WESTMINSTER Member, City Council, District 1",District 1,AMY PHAN WEST,Nonpartisan,3190,2022,7465,42.73,21
"CITY OF WESTMINSTER Member, City Council, District 4",District 4,NAMQUAN NGUYEN,Nonpartisan,2433,2022,6346,38.34,624
"SERRANO WATER DISTRICT Director, Division 4",Division 4,FRANK BRYANT,Nonpartisan,323,2022,587,55.03,154
"COSTA MESA SANITARY DISTRICT Director, Division 1",Division 1,MIKE SCHEAFER,Nonpartisan,4766,2022,8342,57.13,2356
"COSTA MESA SANITARY DISTRICT Director, Division 3",Division 3,BOB OOTEN,Nonpartisan,2936,2022,5332,55.06,1541
"COSTA MESA SANITARY DISTRICT Director, Division 5",Division 5,ARLENE SCHAFER,Nonpartisan,4084,2022,8966,45.55,946
Governor,N/A,BRIAN DAHLE (REP),REP,492734,2022,994227,49.56,28528
Lieutenant Governor,N/A,ANGELA E. UNDERWOOD JACOBS (REP),REP,480963,2022,994227,48.38,19302
Secretary of State,N/A,ROB BERNOSKY (REP),REP,493747,2022,994227,49.66,22601
Controller,N/A,LANHEE J. CHEN (REP),REP,525865,2022,994227,52.89,91900
Treasurer,N/A,JACK M. GUERRERO (REP),REP,507754,2022,994227,51.07,56748
Attorney General,N/A,NATHAN HOCHMAN (REP),REP,502408,2022,994227,50.53,43253
Insurance Commissioner,N/A,ROBERT HOWELL (REP),REP,485654,2022,994227,48.85,19695
"Member, State Board of Equalization 4th District",4th District,MIKE SCHAEFER (DEM),DEM,442660,2022,994227,44.52,147396
UNITED STATES SENATOR Full Term,N/A,MARK P. MEUSER (REP),REP,489185,2022,994227,49.2,9691
UNITED STATES SENATOR Partial/Unexpired Term,N/A,MARK P. MEUSER (REP),REP,487272,2022,994227,49.01,11154
STATE SENATOR 30th District,30th District,MITCH CLEMMONS (REP),REP,9057,2022,17323,52.28,1582
STATE SENATOR 32nd District,32nd District,KELLY SEYARTO (REP),REP,20391,2022,31060,65.65,10933
STATE SENATOR 34th District,34th District,TOM UMBERG (DEM),DEM,88568,2022,155220,57.06,26927
STATE SENATOR 36th District,36th District,JANET NGUYEN (REP),REP,186971,2022,333457,56.07,49944
STATE SENATOR 38th District,38th District,MATT GUNDERSON (REP),REP,61023,2022,110680,55.13,15226
Judge of the Superior Court Office No. 30,N/A,MICHELE BELL,Nonpartisan,418391,2022,994227,42.08,75085
Superintendent of Public Instruction,N/A,TONY K. THURMOND,Nonpartisan,428511,2022,994227,43.1,93181
"NORTH ORANGE COUNTY COMMUNITY COLLEGE DISTRICT Governing Board Member, Trustee Area 1",Trustee Area 1,BARBARA DUNSHEATH,Nonpartisan,21700,2022,41318,52.52,12485
"NORTH ORANGE COUNTY COMMUNITY COLLEGE DISTRICT Governing Board Member, Trustee Area 6",Trustee Area 6,JEFFREY P. BROWN,Nonpartisan,16479,2022,38016,43.35,3424
"COAST COMMUNITY COLLEGE DISTRICT Governing Board Member, Trustee Area 1",Trustee Area 1,JIM MORENO,Nonpartisan,24810,2022,52583,47.18,9070
"RANCHO SANTIAGO COMMUNITY COLLEGE DISTRICT Governing Board Member, Trustee Area 2",Trustee Area 2,JOHN R. HANNA,Nonpartisan,9033,2022,14587,61.93,6485
"SOUTH ORANGE COUNTY COMMUNITY COLLEGE DISTRICT Governing Board Member, Trustee Area 4",Trustee Area 4,TERRI WHITT RYDELL,Nonpartisan,25445,2022,66011,38.55,855
"SOUTH ORANGE COUNTY COMMUNITY COLLEGE DISTRICT Governing Board Member, Trustee Area 6, Short Term",Trustee Area 6,RYAN DACK,Nonpartisan,34772,2022,64771,53.68,19843
"BREA OLINDA UNIFIED SCHOOL DISTRICT Governing Board Member, Trustee Area 1",BREA OLINDA UNIFIED SCHOOL DISTRICT,CARRIE FLANDERS,Nonpartisan,1067,2022,2428,43.95,154
"BREA OLINDA UNIFIED SCHOOL DISTRICT Governing Board Member, Trustee Area 4",BREA OLINDA UNIFIED SCHOOL DISTRICT,CHRIS BECERRA,Nonpartisan,1314,2022,2682,48.99,260
"CAPISTRANO UNIFIED SCHOOL DISTRICT Governing Board Member, Trustee Area 2, Short Term",CAPISTRANO UNIFIED SCHOOL DISTRICT,MICHAEL PARHAM,Nonpartisan,10179,2022,27584,36.9,1056
"CAPISTRANO UNIFIED SCHOOL DISTRICT Governing Board Member, Trustee Area 4",CAPISTRANO UNIFIED SCHOOL DISTRICT,GARY PRITCHARD,Nonpartisan,9812,2022,24468,40.1,1487
"CAPISTRANO UNIFIED SCHOOL DISTRICT Governing Board Member, Trustee Area 7",CAPISTRANO UNIFIED SCHOOL DISTRICT,JUDY BULLOCKUS,Nonpartisan,11242,2022,25028,44.92,1771
"GARDEN GROVE UNIFIED SCHOOL DISTRICT Governing Board Member, Trustee Area 2",GARDEN GROVE UNIFIED SCHOOL DISTRICT,LAN QUOC NGUYEN,Nonpartisan,6035,2022,13611,44.34,2433
"IRVINE UNIFIED SCHOOL DISTRICT Governing Board Member, Trustee Area 2",IRVINE UNIFIED SCHOOL DISTRICT,KATIE MCEWEN,Nonpartisan,8190,2022,15605,52.48,5073
"LOS ALAMITOS UNIFIED SCHOOL DISTRICT Governing Board Member, Trustee Area 1",LOS ALAMITOS UNIFIED SCHOOL DISTRICT,MARLYS DAVIDSON,Nonpartisan,1310,2022,2860,45.8,56
"LOS ALAMITOS UNIFIED SCHOOL DISTRICT Governing Board Member, Trustee Area 3",LOS ALAMITOS UNIFIED SCHOOL DISTRICT,DIANA D. HILL,Nonpartisan,2509,2022,5180,48.44,513
"ORANGE UNIFIED SCHOOL DISTRICT Governing Board Member, Trustee Area 1",ORANGE UNIFIED SCHOOL DISTRICT,ANDREA YAMASAKI,Nonpartisan,31461,2022,73645,42.72,1656
"ORANGE UNIFIED SCHOOL DISTRICT Governing Board Member, Trustee Area 4",ORANGE UNIFIED SCHOOL DISTRICT,MADISON KLOVSTAD MINER,Nonpartisan,31033,2022,73645,42.14,221
"ORANGE UNIFIED SCHOOL DISTRICT Governing Board Member, Trustee Area 5",ORANGE UNIFIED SCHOOL DISTRICT,"KRISTIN ""KRIS"" ERICKSON",Nonpartisan,35535,2022,73645,48.25,9857
"ORANGE UNIFIED SCHOOL DISTRICT Governing Board Member, Trustee Area 7",ORANGE UNIFIED SCHOOL DISTRICT,RICK LEDESMA,Nonpartisan,31556,2022,73645,42.85,12198
"ROWLAND UNIFIED SCHOOL DISTRICT Governing Board Member, Trustee Area 5",ROWLAND UNIFIED SCHOOL DISTRICT,DONNA FREEDMAN,Nonpartisan,25,2022,72,34.72,5
"SADDLEBACK VALLEY UNIFIED SCHOOL DISTRICT Governing Board Member, Trustee Area 1",SADDLEBACK VALLEY UNIFIED SCHOOL DISTRICT,DAN WALSH,Nonpartisan,8845,2022,19824,44.62,1604
"SADDLEBACK VALLEY UNIFIED SCHOOL DISTRICT Governing Board Member, Trustee Area 5",SADDLEBACK VALLEY UNIFIED SCHOOL DISTRICT,BARBARA SCHULMAN,Nonpartisan,7896,2022,18205,43.37,908
"SANTA ANA UNIFIED SCHOOL DISTRICT Governing Board Member, Trustee Area 4",SANTA ANA UNIFIED SCHOOL DISTRICT,KATELYN BRAZER ACEVES,Nonpartisan,2664,2022,8318,32.03,297
"TUSTIN UNIFIED SCHOOL DISTRICT Governing Board Member, Trustee Area 3",TUSTIN UNIFIED SCHOOL DISTRICT,LYNN DAVIS,Nonpartisan,5073,2022,10643,47.67,1353
"ANAHEIM UNION HIGH SCHOOL DISTRICT Governing Board Member, Trustee Area 1",ANAHEIM UNION HIGH SCHOOL DISTRICT,JESSICA GUERRERO,Nonpartisan,4654,2022,11853,39.26,948
"FULLERTON JOINT UNION HIGH SCHOOL DISTRICT Governing Board Member, Trustee Area 4",FULLERTON JOINT UNION HIGH SCHOOL DISTRICT,LAUREN KLATZKER,Nonpartisan,7805,2022,15486,50.4,2404
HUNTINGTON BEACH UNION HIGH SCHOOL DISTRICT Governing Board Member,HUNTINGTON BEACH UNION HIGH SCHOOL DISTRICT,DUANE DISHNO,Nonpartisan,46716,2022,121258,38.53,715
"BUENA PARK SCHOOL DISTRICT Governing Board Member, Trustee Area 4, Short Term",BUENA PARK SCHOOL DISTRICT,BRENDA ESTRADA,Nonpartisan,818,2022,1356,60.32,466
"CENTRALIA SCHOOL DISTRICT Governing Board Member, Trustee Area 1",CENTRALIA SCHOOL DISTRICT,HENRY CHAROEN,Nonpartisan,2067,2022,3750,55.12,1206
"CYPRESS SCHOOL DISTRICT Governing Board Member, Trustee Area B",CYPRESS SCHOOL DISTRICT,TROY TANAKA,Nonpartisan,1209,2022,2661,45.43,57
"CYPRESS SCHOOL DISTRICT Governing Board Member, Trustee Area C",CYPRESS SCHOOL DISTRICT,SANDRA LEE,Nonpartisan,2056,2022,3506,58.64,1147
"FULLERTON SCHOOL DISTRICT Governing Board Member, Trustee Area 4",FULLERTON SCHOOL DISTRICT,RUTHI HANCHETT,Nonpartisan,3326,2022,7329,45.38,909
"HUNTINGTON BEACH CITY SCHOOL DISTRICT Governing Board Member, Trustee Area 4",HUNTINGTON BEACH CITY SCHOOL DISTRICT,DIANA MARKS,Nonpartisan,3203,2022,7584,42.23,480
"HUNTINGTON BEACH CITY SCHOOL DISTRICT Governing Board Member, Trustee Area 5",HUNTINGTON BEACH CITY SCHOOL DISTRICT,PAUL R. MORROW,Nonpartisan,3597,2022,7993,45,723
LA HABRA CITY SCHOOL DISTRICT Governing Board Member,LA HABRA CITY SCHOOL DISTRICT,ADAM ROGERS,Nonpartisan,5967,2022,12912,46.21,367
"LOWELL JOINT SCHOOL DISTRICT Governing Board Member, Trustee Area 2",LOWELL JOINT SCHOOL DISTRICT,CHRISTINE BERG,Nonpartisan,229,2022,453,50.55,87
"LOWELL JOINT SCHOOL DISTRICT Governing Board Member, Trustee Area 4",LOWELL JOINT SCHOOL DISTRICT,KAREN SHAW,Nonpartisan,822,2022,1816,45.26,92
"SAVANNA SCHOOL DISTRICT Governing Board Member, Trustee Area 2",SAVANNA SCHOOL DISTRICT,ELIZABETH WINKLER,Nonpartisan,656,2022,1472,44.57,131
County Supervisor 2nd District,2nd District,VICENTE SARMIENTO,Nonpartisan,49459,2022,112355,44.02,3211
County Supervisor 4th District,4th District,DOUG CHAFFEE,Nonpartisan,72896,2022,152116,47.92,14120
County Supervisor 5th District,5th District,KATRINA FOLEY,Nonpartisan,116105,2022,265939,43.66,5867
"CITY OF ALISO VIEJO Member, City Council",N/A,TIFFANY ACKLEY,Nonpartisan,7721,2022,18455,41.84,589
CITY OF ANAHEIM Mayor,N/A,ASHLEIGH AITKEN,Nonpartisan,29072,2022,73213,39.71,5832
"CITY OF ANAHEIM Member, City Council, District 2",District 2,CARLOS A. LEON,Nonpartisan,4994,2022,10995,45.42,78
"CITY OF ANAHEIM Member, City Council, District 3",District 3,NATALIE RUBALCAVA,Nonpartisan,5437,2022,10314,52.71,1466
"CITY OF ANAHEIM Member, City Council, District 6",District 6,NATALIE MEEKS,Nonpartisan,14241,2022,23103,61.64,8348
"CITY OF BUENA PARK Member, City Council, District 1",District 1,JOYCE AHN,Nonpartisan,1792,2022,3917,45.75,810
"CITY OF BUENA PARK Member, City Council, District 2",District 2,JOSE TRINIDAD CASTANEDA,Nonpartisan,917,2022,2218,41.34,315
"CITY OF COSTA MESA Member, City Council, District 3",District 3,ANDREA MARR,Nonpartisan,2220,2022,5749,38.62,78
"CITY OF COSTA MESA Member, City Council, District 4",District 4,MANUEL CHAVEZ,Nonpartisan,1881,2022,2493,75.45,1881
"CITY OF COSTA MESA Member, City Council, District 5",District 5,ARLIS REYNOLDS,Nonpartisan,3175,2022,5665,56.05,1391
"CITY OF CYPRESS Member, City Council",N/A,DAVID BURKE,Nonpartisan,7099,2022,17187,41.3,585
"CITY OF FULLERTON Member, City Council, District 3",District 3,SHANA CHARLES,Nonpartisan,2186,2022,5784,37.79,727
"CITY OF FULLERTON Member, City Council, District 5",District 5,AHMAD ZAHRA,Nonpartisan,2604,2022,6085,42.79,293
"CITY OF GARDEN GROVE Member, City Council, District 1",District 1,"GEORGE S. BRIETIGAM, III",Nonpartisan,5960,2022,9775,60.97,3311
"CITY OF GARDEN GROVE Member, City Council, District 3",District 3,CINDY TRAN,Nonpartisan,2125,2022,6415,33.13,868
"CITY OF GARDEN GROVE Member, City Council, District 4",District 4,JOE DOVINH,Nonpartisan,2248,2022,6631,33.9,331
CITY OF HUNTINGTON BEACH City Attorney,N/A,MICHAEL E. GATES,Nonpartisan,44691,2022,82916,53.9,19154
"CITY OF IRVINE Member, City Council",N/A,LARRY AGRAN,Nonpartisan,31023,2022,84663,36.64,1583
"CITY OF LAGUNA HILLS Member, City Council, Full Term",N/A,ERICA PEZOLD,Nonpartisan,6917,2022,12280,56.33,270
"CITY OF LAGUNA HILLS Member, City Council, Short Term",N/A,DONALD CASKEY,Nonpartisan,8089,2022,12280,65.87,8089
"CITY OF LAGUNA NIGUEL Member, City Council",N/A,STEPHANIE ODDO,Nonpartisan,10295,2022,29235,35.21,916
"CITY OF LA HABRA Member, City Council, Full Term",N/A,JOSE MEDRANO,Nonpartisan,7885,2022,15622,50.47,986
"CITY OF LA HABRA Member, City Council, Short Term",N/A,DAREN NIGSARIAN,Nonpartisan,7403,2022,15622,47.39,1108
"CITY OF LAKE FOREST Member, City Council, District 2",District 2,BENJAMIN YU,Nonpartisan,2764,2022,5777,47.84,1456
"CITY OF LAKE FOREST Member, City Council, District 3",District 3,SCOTT VOIGTS,Nonpartisan,3746,2022,5527,67.78,3746
"CITY OF LAKE FOREST Member, City Council, District 4",District 4,MARK TETTEMER,Nonpartisan,4736,2022,6941,68.23,4736
"CITY OF LA PALMA Member, City Council",N/A,NITESH PATEL,Nonpartisan,3289,2022,5331,61.7,1016
"CITY OF LOS ALAMITOS Member, City Council, District 5",District 5,EMILY HIBARD,Nonpartisan,436,2022,945,46.14,4
"CITY OF MISSION VIEJO Member, City Council, District 1",District 1,"ROBERT ""BOB"" RUESCH",Nonpartisan,3708,2022,8273,44.82,1820
"CITY OF MISSION VIEJO Member, City Council, District 2",District 2,BRIAN GOODELL,Nonpartisan,5060,2022,9666,52.35,1508
"CITY OF MISSION VIEJO Member, City Council, District 3",District 3,CYNTHIA VASQUEZ,Nonpartisan,2652,2022,7068,37.52,398
"CITY OF MISSION VIEJO Member, City Council, District 4",District 4,"PATRICIA ""TRISH"" KELLEY",Nonpartisan,4179,2022,7596,55.02,1747
"CITY OF MISSION VIEJO Member, City Council, District 5",District 5,WENDY BUCKNUM,Nonpartisan,4881,2022,8820,55.34,2029
"CITY OF NEWPORT BEACH Member, City Council, District 1",District 1,JOE STAPLETON,Nonpartisan,21780,2022,39935,54.54,9577
"CITY OF NEWPORT BEACH Member, City Council, District 3",District 3,ERIK WEIGAND,Nonpartisan,18957,2022,39935,47.47,10071
"CITY OF NEWPORT BEACH Member, City Council, District 4",District 4,ROBYN GRANT,Nonpartisan,27212,2022,39935,68.14,27212
"CITY OF NEWPORT BEACH Member, City Council, District 6",District 6,LAUREN KLEIMAN,Nonpartisan,18351,2022,39935,45.95,3459
"CITY OF ORANGE Member, City Council, District 1",District 1,ARIANNA BARRIOS,Nonpartisan,4108,2022,6370,64.49,2791
"IRVINE RANCH WATER DISTRICT Director, Division 3",Division 3,DOUG REINHART,Nonpartisan,14328,2022,29170,49.12,7711
"MESA WATER DISTRICT Director, Division 4",Division 4,JIM ATKINSON,Nonpartisan,3322,2022,5702,58.26,1944
"MESA WATER DISTRICT Director, Division 5",Division 5,SHAWN DEWANE,Nonpartisan,3558,2022,7725,46.06,692
"ORANGE COUNTY WATER DISTRICT Director, Division 1",Division 1,DINA NGUYEN,Nonpartisan,27528,2022,47035,58.53,14608
"ORANGE COUNTY WATER DISTRICT Director, Division 5",Division 5,STEPHEN R. SHELDON,Nonpartisan,36881,2022,79563,46.35,15024
"ORANGE COUNTY WATER DISTRICT Director, Division 7",Division 7,KELLY E. ROWE,Nonpartisan,32268,2022,75833,42.55,5797
YORBA LINDA WATER DISTRICT Director,N/A,PHILLIP (PHIL) D. HAWKINS,Nonpartisan,15611,2022,35666,43.77,1838
"MUNICIPAL WATER DISTRICT Director, Division 2",Division 2,LARRY D. DICK,Nonpartisan,53028,2022,90606,58.53,34979
"MUNICIPAL WATER DISTRICT Director, Division 5",Division 5,RANDALL CRANE,Nonpartisan,52630,2022,139485,37.73,4868
"For Chief Justice of California, PATRICIA GUERRERO",N/A,Yes,Nonpartisan,476738,2022,994227,47.95,207118
"For Associate Justice of the Supreme Court, GOODWIN LIU",N/A,Yes,Nonpartisan,443655,2022,994227,44.62,167319
"For Associate Justice of the Supreme Court, MARTIN J. JENKINS",N/A,Yes,Nonpartisan,443305,2022,994227,44.59,178563
"For Associate Justice of the Supreme Court, JOSHUA P. GROBAN",N/A,Yes,Nonpartisan,434760,2022,994227,43.73,166969
"For Presiding Justice, Court of Appeal, Fourth District, Division One, JUDITH MCCONNELL",N/A,Yes,Nonpartisan,438055,2022,994227,44.06,191491
"For Associate Justice, Court of Appeal, Fourth District, Division One, TRUC T. DO",N/A,Yes,Nonpartisan,419395,2022,994227,42.18,150814
"For Associate Justice, Court of Appeal, Fourth District, Division One, MARTIN N. BUCHANAN",N/A,Yes,Nonpartisan,417488,2022,994227,41.99,157322
"For Presiding Justice, Court of Appeal, Fourth District, Division Two, MANUEL A. RAMIREZ",N/A,Yes,Nonpartisan,489723,2022,994227,49.26,300218
"For Associate Justice, Court of Appeal, Fourth District, Division Two, MICHAEL J. RAPHAEL",N/A,Yes,Nonpartisan,414745,2022,994227,41.72,158957
"For Associate Justice, Court of Appeal, Fourth District, Division Two, CAROL D. CODRINGTON",N/A,Yes,Nonpartisan,508375,2022,994227,51.13,341181
"For Associate Justice, Court of Appeal, Fourth District, Division Two, FRANK MENETREZ",N/A,Yes,Nonpartisan,401747,2022,994227,40.41,133031
"For Presiding Justice, Court of Appeal, Fourth District, Division Three, KATHLEEN E. O'LEARY",N/A,Yes,Nonpartisan,443763,2022,994227,44.63,209575
"For Associate Justice, Court of Appeal, Fourth District, Division Three, WILLIAM W. BEDSWORTH",N/A,Yes,Nonpartisan,416280,2022,994227,41.87,160238
"For Associate Justice, Court of Appeal, Fourth District, Division Three, MAURICE SANCHEZ",N/A,Yes,Nonpartisan,409741,2022,994227,41.21,145547
"For Associate Justice, Court of Appeal, Fourth District, Division Three, EILEEN C. MOORE",N/A,Yes,Nonpartisan,438466,2022,994227,44.1,203505
"For Associate Justice, Court of Appeal, Fourth District, Division Three, JOANNE MOTOIKE",N/A,Yes,Nonpartisan,416814,2022,994227,41.92,160174
